Name,Country,Start,Seasons,Minutes,Salary,1980,1981,1982,1983,1984,1985,1986,1987,1988,1989,1990,1991,1992,1993,1994,1995,1996,1997,1998,1999,2000,2001,2002,2003,2004,2005,2006,2007,2008,2009,2010,2011,2012,2013,2014,2015,2016,2017,2018,2019,2020,2021,2022
James Donaldson,England,1980,14,26,3845000,14.4$0,20.9$0,21.8$0,30.8$0,29.2$470000,32.3$515000,36.9$0,31.1$500000,32.9$600000,31.0$0,34.1$880000,18.5$880000,15.7$0,,14.3$0,,,,,,,,,,,,,,,,,,,,,,,,,,,,
Swen Nater,Netherlands,1980,4,28.7,0,34.3$0,27.4$0,7.3$0,12.0$0,,,,,,,,,,,,,,,,,,,,,,,,,,,,,,,,,,,,,,,
Pétur Guðmundsson,Iceland,1981,4,14.3,450000,,12.4$0,,,,16.0$0,,14.7$175000,14.0$275000,,,,,,,,,,,,,,,,,,,,,,,,,,,,,,,,,,
Howard Carter,France,1983,1,9.2,0,,,,12.5$0,,,,,,,,,,,,,,,,,,,,,,,,,,,,,,,,,,,,,,,
Detlef Schrempf,Germany,1985,16,29.1,30458333,,,,,,15.1$290000,21.1$0,19.4$390000,26.8$440000,33.0$0,32.1$1160000,32.6$1278000,37.8$1393000,33.7$1308000,35.2$5000000,34.9$5000000,35.9$3333000,35.2$3333333,35.3$3333000,21.6$2000000,15.3$2200000,,,,,,,,,,,,,,,,,,,,,,
Uwe Blab,Germany,1985,5,7.9,740000,,,,,,8.5$200000,5.3$0,9.0$260000,5.6$280000,11.3$0,,,,,,,,,,,,,,,,,,,,,,,,,,,,,,,,,
Fernando Martín,Spain,1986,1,6.1,0,,,,,,,6.1$0,,,,,,,,,,,,,,,,,,,,,,,,,,,,,,,,,,,,
Johnny Rogers,Spain,1986,2,8.7,75000,,,,,,,10.4$0,7.0$75000,,,,,,,,,,,,,,,,,,,,,,,,,,,,,,,,,,,
Chris Welp,Germany,1987,3,10.7,525000,,,,,,,,13.2$257500,11.7$267500,7.3$0,,,,,,,,,,,,,,,,,,,,,,,,,,,,,,,,,
Rik Smits,Netherlands,1988,12,26.7,43750000,,,,,,,,,24.9$800000,29.3$0,22.2$1350000,23.9$1350000,25.6$2000000,27.1$2500000,30.5$3250000,30.2$3750000,29.2$4000000,28.6$4000000,25.9$8500000,23.4$12250000,,,,,,,,,,,,,,,,,,,,,,,
Dražen Petrović,Croatia,1989,4,26,5490000,,,,,,,,,,12.6$1300000,16.6$1200000,36.9$1375000,38.0$1615000,,,,,,,,,,,,,,,,,,,,,,,,,,,,,,
Šarūnas Marčiulionis,Lithuania,1989,8,21.8,14337000,,,,,,,,,,22.6$1400000,19.7$1270000,29.4$1267000,27.9$1500000,0.0$1900000,18.1$2100000,19.6$2400000,15.0$2500000,,,,,,,,,,,,,,,,,,,,,,,,,,
Steve Bucknall,England,1989,1,4.2,0,,,,,,,,,,4.2$0,,,,,,,,,,,,,,,,,,,,,,,,,,,,,,,,,
Torgeir Bryn,Norway,1989,1,3.3,0,,,,,,,,,,3.3$0,,,,,,,,,,,,,,,,,,,,,,,,,,,,,,,,,
Vlade Divac,Serbia,1989,16,29.8,93120635,,,,,,,,,,19.6$770000,28.2$942000,27.2$3633000,30.8$4133000,34.0$3333300,35.1$3333000,31.3$4718000,35.1$4833333,28.2$8300000,35.2$8837774,29.0$9640000,29.9$10444642,30.3$11248076,29.8$12051510,28.6$4903000,8.7$2000000,,,,,,,,,,,,,,,,,,
Brian Oliver,Italy,1990,5,9.6,1973000,,,,,,,,,,,11.0$455000,8.2$456000,0.0$456000,0.0$456000,7.0$150000,,,,,,,,,,,,,,,,,,,,,,,,,,,,
Stojko Vranković,Croatia,1990,8,9.4,13920000,,,,,,,,,,,5.4$222000,5.8$665000,0.0$831000,0.0$831000,0.0$831000,,14.5$2900000,15.3$3580000,6.0$4060000,,,,,,,,,,,,,,,,,,,,,,,,
Marty Conlon,Ireland,1991,9,13.1,4381088,,,,,,,,,,,,8.5$130000,10.2$200000,19.3$250000,25.2$182500,12.9$1165000,21.8$1447500,11.6$0,5.0$662500,3.0$343588,,,,,,,,,,,,,,,,,,,,,,,
Gundars Vētra,Latvia,1992,2,6.8,575000,,,,,,,,,,,,,6.8$275000,0.0$300000,,,,,,,,,,,,,,,,,,,,,,,,,,,,,
Dino Radja,Croatia,1993,8,33.4,19729500,,,,,,,,,,,,,0.0$711000,28.8$1650000,32.5$2145000,37.4$2640000,35.0$5313000,0.0$2500000,0.0$2500000,0.0$2270500,,,,,,,,,,,,,,,,,,,,,,,
Gheorghe Mureșan,Romania,1993,7,26.2,8848500,,,,,,,,,,,,,,12.0$500000,23.6$1150000,29.5$1963000,25.3$2363000,0.0$1887500,1.0$475000,1.0$510000,,,,,,,,,,,,,,,,,,,,,,,
Richard Petruška,Slovakia,1993,2,4.2,205000,,,,,,,,,,,,,,4.2$150000,0.0$55000,,,,,,,,,,,,,,,,,,,,,,,,,,,,
Shawn Bradley,Germany,1993,14,23.4,69580000,,,,,,,,,,,,,,28.3$2700000,28.8$3510000,29.5$4320000,31.3$5130000,28.5$5940000,26.4$6750000,24.7$7560000,24.4$8370000,14.3$4500000,21.4$4000000,11.7$3500000,11.5$4000000,0.0$4500000,0.0$4800000,,,,,,,,,,,,,,,,
Toni Kukoč,Croatia,1993,13,26.5,61488033,,,,,,,,,,,,,,24.1$1025000,31.9$3260000,26.0$3560000,28.2$3960000,30.2$4560000,37.6$4610000,31.9$4500000,24.6$6000000,25.3$7906783,27.0$8050000,20.8$9056250,20.7$3000000,15.7$2000000,,,,,,,,,,,,,,,,,
Geert Hammink,Netherlands,1994,3,3,250000,,,,,,,,,,,,,,3.0$0,3.0$250000,3.0$0,,,,,,,,,,,,,,,,,,,,,,,,,,,
Sergei Bazarevich,Russia,1994,1,7.4,168000,,,,,,,,,,,,,,,7.4$168000,,,,,,,,,,,,,,,,,,,,,,,,,,,,
Žan Tabak,Croatia,1994,6,13.2,5200000,,,,,,,,,,,,,,,4.9$500000,19.9$650000,16.8$800000,17.3$950000,6.3$1100000,14.1$1200000,,,,,,,,,,,,,,,,,,,,,,,
Arvydas Sabonis,Lithuania,1995,8,24.4,47838481,,,,,,,,,,,,,,,,23.8$2200000,25.5$2640000,32.0$3080000,27.0$9000000,25.6$9818481,21.3$11250000,,0.0$3000000,15.5$6850000,,,,,,,,,,,,,,,,,,,
George Zídek,Czech Republic,1995,3,8.3,2081200,,,,,,,,,,,,,,,,12.5$603000,7.2$694000,5.3$784200,,,,,,,,,,,,,,,,,,,,,,,,,
John Amaechi,England,1995,7,15,9562500,,,,,,,,,,,,,,,,12.8$200000,,,,21.1$385000,20.9$600000,10.9$2175000,9.5$2392500,0.0$2610000,0.0$1200000,,,,,,,,,,,,,,,,,,
Predrag Danilović,Serbia,1995,2,30.2,3347000,,,,,,,,,,,,,,,,28.5$1455000,31.9$1892000,,,,,,,,,,,,,,,,,,,,,,,,,,
Stefano Rusconi,Italy,1995,1,4.3,415000,,,,,,,,,,,,,,,,4.3$415000,,,,,,,,,,,,,,,,,,,,,,,,,,,
Vincenzo Esposito,Italy,1995,1,9.4,500000,,,,,,,,,,,,,,,,9.4$500000,,,,,,,,,,,,,,,,,,,,,,,,,,,
Martin Müürsepp,Estonia,1996,3,11.5,1839320,,,,,,,,,,,,,,,,,8.3$401000,14.7$675120,0.0$763200,,,,,,,,,,,,,,,,,,,,,,,,
Vitaly Potapenko,Ukraine,1996,11,17,40637644,,,,,,,,,,,,,,,,,15.5$1068000,17.7$1228560,27.9$1339000,22.7$3810000,23.2$4290000,17.0$4762500,15.5$5238750,21.8$5715000,10.2$6191250,10.7$3320000,4.3$3674584,,,,,,,,,,,,,,,,
Zydrunas Ilgauskas,Lithuania,1996,14,27.4,124487723,,,,,,,,,,,,,,,,,0.0$720000,29.0$828000,0.0$9000000,25.7$10130000,,21.4$11250000,30.0$12375000,31.3$13500000,33.5$14625000,29.3$8740000,27.3$9442697,30.4$10142156,27.2$10841615,20.9$11541074,15.9$1352181,,,,,,,,,,,,
Jeff Nordgaard,Poland,1997,1,3.7,242000,,,,,,,,,,,,,,,,,,3.7$242000,,,,,,,,,,,,,,,,,,,,,,,,,
Marko Milič,Slovenia,1997,2,4.8,592000,,,,,,,,,,,,,,,,,,4.9$242000,4.8$350000,,,,,,,,,,,,,,,,,,,,,,,,
Tariq Abdul-Wahad,France,1997,10,19.1,37982800,,,,,,,,,,,,,,,,,,16.3$1226880,24.6$1411000,25.9$1594920,14.5$4500000,18.4$5062500,14.6$5625000,0.0$6187500,0.0$6750000,0.0$3656250,0.0$1968750,,,,,,,,,,,,,,,,
Bruno Šundov,Croatia,1998,7,5.5,4493990,,,,,,,,,,,,,,,,,,,3.7$287500,4.4$385000,10.9$997000,4.0$565850,5.3$637435,6.6$751159,3.5$870046,,,,,,,,,,,,,,,,,,
Cory Carr,Israel,1998,1,14.9,287500,,,,,,,,,,,,,,,,,,,14.9$287500,,,,,,,,,,,,,,,,,,,,,,,,
Dirk Nowitzki,Germany,1998,21,33,255371801,,,,,,,,,,,,,,,,,,,20.4$1472640,35.8$1583040,38.1$1693560,38.0$2157595,39.0$10067750,37.9$11326219,38.7$12584688,38.1$13843156,36.2$15101625,36.0$16360094,37.7$18077904,37.5$19795714,34.3$17278618,33.5$19092873,31.3$20907128,32.9$22721381,29.6$7974482,31.5$8333334,26.4$25000000,24.7$5000000,15.6$5000000,,,,
Kelly McCarty,Russia,1998,1,8,287500,,,,,,,,,,,,,,,,,,,2.0$287500,,,,,,,,,,,,,,,,,,,,,,,,
Kornél Dávid,Hungary,1998,3,13.5,988941,,,,,,,,,,,,,,,,,,,18.0$287500,14.8$202941,7.7$498500,,,,,,,,,,,,,,,,,,,,,,
Mirsad Türkcan,Turkey,1998,3,5.3,2639545,,,,,,,,,,,,,,,,,,,0.0$739400,5.3$830745,0.0$1069400,,,,,,,,,,,,,,,,,,,,,,
Rasho Nesterović,Slovenia,1998,12,21,50326401,,,,,,,,,,,,,,,,,,,15.0$0,21.0$1050240,16.9$1123560,27.0$1725788,30.4$2436813,28.7$5600000,25.5$6160000,18.9$6720000,21.0$7280000,20.9$7840000,17.3$8400000,9.8$1990000,,,,,,,,,,,,,
Ryan Stack,North Macedonia,1998,2,9.5,672500,,,,,,,,,,,,,,,,,,,11.1$287500,7.9$385000,,,,,,,,,,,,,,,,,,,,,,,
Shammond Williams,Georgia,1998,7,12.1,7301179,,,,,,,,,,,,,,,,,,,2.0$0,2.0$500000,12.0$550000,17.9$1750000,12.1$2000000,24.1$751179,,,14.4$1750000,,,,,,,,,,,,,,,,
Vladimir Stepania,Georgia,1998,7,12.4,5759509,,,,,,,,,,,,,,,,,,,13.6$543000,6.7$700320,9.7$749160,13.2$565850,20.2$1350000,10.8$751179,0.0$1100000,,,,,,,,,,,,,,,,,,
Aleksandar Radojević,Bosnia,1999,4,9.3,4995526,,,,,,,,,,,,,,,,,,,,8.0$1325760,0.0$1425120,0.0$1524600,10.7$720046,,,,,,,,,,,,,,,,,,,,
Andrei Kirilenko,Russia,1999,14,28.1,107735998,,,,,,,,,,,,,,,,,,,,0.0$632400,,26.2$831120,32.9$1671694,27.7$893400,37.1$955800,37.7$10983000,29.3$12364000,30.8$13735000,27.3$15106000,29.0$16452000,31.2$17823000,,31.8$9779349,19.0$3183000,5.1$3326235,,,,,,,,
Cal Bowdler,Ireland,1999,3,9.7,3308400,,,,,,,,,,,,,,,,,,,,9.2$1025880,8.5$1102800,11.3$1179720,,,,,,,,,,,,,,,,,,,,,
Efthimios Rentzias,Greece,1999,4,4.1,3050085,,,,,,,,,,,,,,,,,,,,0.0$658700,,,4.1$903360,0.0$971160,0.0$516865,,,,,,,,,,,,,,,,,,
Dalibor Bagarić,Croatia,2000,4,9.3,4079663,,,,,,,,,,,,,,,,,,,,,7.4$795000,12.8$854640,7.6$830947,0.0$1599076,,,,,,,,,,,,,,,,,,,
Hanno Mottola,Finland,2000,2,15.1,782819,,,,,,,,,,,,,,,,,,,,,13.5$316969,16.7$465850,,,,,,,,,,,,,,,,,,,,,
Hedo Türkoğlu,Turkey,2000,15,25.4,90557891,,,,,,,,,,,,,,,,,,,,,16.8$1131240,24.6$1216080,17.5$1300920,25.9$1995611,26.2$4903000,33.5$5393300,31.1$5883600,36.9$6373900,36.6$6864200,30.7$9000000,31.4$10215850,31.2$11015850,17.2$11815850,10.3$12000000,11.4$1448490,,,,,,,,
Jake Tsakalidis,Greece,2000,7,14.9,12741982,,,,,,,,,,,,,,,,,,,,,16.6$763200,23.6$820400,16.5$877680,13.3$1580702,9.0$2900000,14.4$2900000,10.8$2900000,,,,,,,,,,,,,,,,
Jérôme Moïso,France,2000,5,8.2,8074800,,,,,,,,,,,,,,,,,,,,,5.6$1461960,5.1$1571640,12.6$1681200,11.9$1600000,6.0$1760000,,,,,,,,,,,,,,,,,,
Slava Medvedenko,Ukraine,2000,7,9.5,10347951,,,,,,,,,,,,,,,,,,,,,5.6$316969,10.3$465850,10.7$1400000,21.2$1540000,9.8$3000000,3.0$3000000,5.8$625132,,,,,,,,,,,,,,,,
Alvin Jones,Luxembourg,2001,1,5.5,332817,,,,,,,,,,,,,,,,,,,,,,5.5$332817,,,,,,,,,,,,,,,,,,,,,
Antonis Fotsis,Greece,2001,1,11.4,332817,,,,,,,,,,,,,,,,,,,,,,11.4$332817,,,,,,,,,,,,,,,,,,,,,
Mehmet Okur,Turkey,2001,10,27.4,72935000,,,,,,,,,,,,,,,,,,,,,,,19.0$1000000,22.3$1100000,28.1$7500000,35.9$8250000,33.3$8250000,33.2$8500000,33.5$8500000,29.4$9000000,12.9$9945000,26.7$10890000,,,,,,,,,,,
Omar Cook,Montenegro,2001,3,11.5,292230,,,,,,,,,,,,,,,,,,,,,,0.0$292230,,8.2$0,14.8$0,,,,,,,,,,,,,,,,,,
Pau Gasol,Spain,2001,19,32.7,225440912,,,,,,,,,,,,,,,,,,,,,,36.7$2970840,36.0$3193680,31.5$3417000,32.0$4318481,39.2$10993000,36.2$12364000,35.6$13735000,37.0$15106000,37.0$16452000,37.0$17823000,37.4$18714150,33.8$19000000,31.4$19285850,34.4$7128000,31.8$7448760,25.4$15500000,23.5$16000000,12.0$16452611,0.0$5538540,,,
Predrag Drobnjak,Montenegro,2001,4,19.6,6054971,,,,,,,,,,,,,,,,,,,,,,18.3$478558,24.2$526413,15.6$2500000,20.2$2550000,,,,,,,,,,,,,,,,,,
Primož Brezec,Slovenia,2001,8,13.5,13327978,,,,,,,,,,,,,,,,,,,,,,7.3$749160,5.0$805320,4.0$861600,31.6$1554326,27.4$2750000,14.4$2750000,,8.5$1107572,,9.5$2750000,,,,,,,,,,,,
Ratko Varda,Bosnia,2001,2,6,457801,,,,,,,,,,,,,,,,,,,,,,6.0$332817,0.0$124984,,,,,,,,,,,,,,,,,,,,
Tony Parker,France,2001,18,30.1,168282460,,,,,,,,,,,,,,,,,,,,,,29.4$744480,33.8$800400,34.4$856200,34.2$1545441,33.9$8400000,32.5$9450000,33.5$10500000,34.1$11550000,30.9$12600000,32.4$13500000,32.1$12500000,32.9$12500000,29.4$12500000,28.7$12500000,27.5$13437500,25.2$14445313,19.5$15453126,17.9$5000000,,,,
Vladimir Radmanović,Serbia,2001,12,20.8,43101141,,,,,,,,,,,,,,,,,,,,,,20.2$1452000,26.5$1560840,30.1$1669800,29.5$2300984,25.6$3166155,17.9$5215000,22.8$5632200,18.5$6049400,21.7$6466600,15.8$6883800,15.4$1352181,5.8$1352181,,,,,,,,,,
Željko Rebrača,Serbia,2001,6,14.8,20290000,,,,,,,,,,,,,,,,,,,,,,15.9$3500000,16.3$3850000,11.4$4200000,16.0$2500000,14.2$3000000,0.0$3240000,,,,,,,,,,,,,,,,
Boštjan Nachbar,Slovenia,2002,6,15.3,11614320,,,,,,,,,,,,,,,,,,,,,,,5.5$1224000,11.5$1396440,18.9$1493880,13.9$2500000,20.2$2500000,22.1$2500000,,,,,,,,,,,,,,,
Cezary Trybański,Poland,2002,3,3.9,4800000,,,,,,,,,,,,,,,,,,,,,,,5.7$1500000,2.1$1600000,0.0$1700000,,,,,,,,,,,,,,,,,,
Dan Gadzuric,Netherlands,2002,10,13.4,37609158,,,,,,,,,,,,,,,,,,,,,,,15.5$349458,16.8$563679,22.0$695046,12.0$4750000,15.6$5252065,10.5$5751130,14.0$6250195,9.8$6749260,11.0$7248325,6.5$0,,,,,,,,,,,
Gordan Giriček,Croatia,2002,6,22.8,18940000,,,,,,,,,,,,,,,,,,,,,,,28.3$1400000,28.0$1540000,20.5$4000000,25.8$4000000,19.5$4000000,14.8$4000000,,,,,,,,,,,,,,,
Igor Rakočević,Serbia,2002,1,5.8,349458,,,,,,,,,,,,,,,,,,,,,,,5.8$349458,,,,,,,,,,,,,,,,,,,,
J.R. Bremer,Bosnia,2002,2,17.9,913137,,,,,,,,,,,,,,,,,,,,,,,23.5$349458,12.3$563679,,,,,,,,,,,,,,,,,,,
Jiří Welsch,Czech Republic,2002,4,16.6,6157034,,,,,,,,,,,,,,,,,,,,,,,6.3$1234080,26.9$1326600,18.5$1419240,14.9$2177114,,,,,,,,,,,,,,,,,
Miloš Vujanić,Serbia,2002,0,0,0,,,,,,,,,,,,,,,,,,,,,,,,,,,,,,,,,,,,,,,,,,,
Mladen Šekularac,Serbia,2002,0,0,0,,,,,,,,,,,,,,,,,,,,,,,,,,,,,,,,,,,,,,,,,,,
Nikoloz Tskitishvili,Georgia,2002,4,9.1,8907528,,,,,,,,,,,,,,,,,,,,,,,16.3$2530920,7.9$2720760,6.3$2910600,5.8$745248,,,,,,,,,,,,,,,,,
Pat Burke,Ireland,2002,3,9.3,1909458,,,,,,,,,,,,,,,,,,,,,,,12.6$349458,,,8.2$750000,7.1$810000,,,,,,,,,,,,,,,,
Predrag Savovic,Montenegro,2002,1,9.5,349458,,,,,,,,,,,,,,,,,,,,,,,9.5$349458,,,,,,,,,,,,,,,,,,,,
Raül López,Spain,2002,4,18.2,3941313,,,,,,,,,,,,,,,,,,,,,,,0.0$578160,19.7$621520,16.7$997320,0.0$1744313,,,,,,,,,,,,,,,,,
Robert Archibald,England,2002,2,7,913137,,,,,,,,,,,,,,,,,,,,,,,6.0$349458,8.0$563679,,,,,,,,,,,,,,,,,,,
Antoine Rigaudeau,France,2003,1,8.3,0,,,,,,,,,,,,,,,,,,,,,,,,8.3$0,,,,,,,,,,,,,,,,,,,
Boris Diaw,France,2003,14,26.8,80865921,,,,,,,,,,,,,,,,,,,,,,,,25.3$1021080,18.2$1097640,35.5$1174200,31.1$1870501,28.1$9000000,34.0$9000000,35.4$9000000,33.9$9000000,25.0$9000000,22.8$4500000,25.0$4702500,24.5$7500000,18.2$7000000,17.6$7000000,,,,,,
Chris Kaman,Germany,2003,13,25.6,86527368,,,,,,,,,,,,,,,,,,,,,,,,22.5$2394600,25.9$2574240,32.8$2753760,29.0$3491768,37.2$8600000,29.7$9500000,34.3$10400000,26.2$11800000,29.2$14030000,20.7$8000000,18.9$3183000,18.9$4800000,7.0$5000000,,,,,,,
Darius Songaila,Lithuania,2003,8,17.4,25337931,,,,,,,,,,,,,,,,,,,,,,,,13.4$366931,20.6$1600000,21.4$2200000,18.9$3650000,19.4$3942000,19.8$4235000,18.8$4526000,7.1$4818000,,,,,,,,,,,,
Darko Miličić,Serbia,2003,10,15.7,52323642,,,,,,,,,,,,,,,,,,,,,,,,4.7$3595800,6.9$3865440,13.9$4135200,23.9$5218622,23.8$6500000,17.0$7020000,21.4$7500000,24.4$4325000,16.3$4776500,5.0$5387080,,,,,,,,,,
Francisco Elson,Netherlands,2003,9,13,12558479,,,,,,,,,,,,,,,,,,,,,,,,14.1$366931,14.0$620046,21.9$719373,19.0$3000000,12.9$3000000,16.6$1700000,5.5$1700000,9.8$1146337,3.2$305792,,,,,,,,,,,
Maciej Lampe,Poland,2003,3,8.6,2629000,,,,,,,,,,,,,,,,,,,,,,,,10.7$829000,10.3$900000,4.7$900000,,,,,,,,,,,,,,,,,
Mickaël Piétrus,France,2003,10,21.2,34658719,,,,,,,,,,,,,,,,,,,,,,,,14.1$1527946,20.0$1785960,22.7$1910520,26.9$2535260,19.9$3470770,24.6$5300000,22.5$5300000,19.4$5300000,21.9$6523166,20.3$1005097,,,,,,,,,,
Ndudi Ebi,England,2003,4,14.4,2794320,,,,,,,,,,,,,,,,,,,,,,,,1.9$838560,27.0$901440,0.0$964320,0.0$90000,,,,,,,,,,,,,,,,
Slavko Vraneš,Montenegro,2003,1,3,129768,,,,,,,,,,,,,,,,,,,,,,,,3.0$129768,,,,,,,,,,,,,,,,,,,
Travis Hansen,Russia,2003,1,12.4,366931,,,,,,,,,,,,,,,,,,,,,,,,12.4$366931,,,,,,,,,,,,,,,,,,,
Žarko Čabarkapa,Montenegro,2003,4,10.6,6095497,,,,,,,,,,,,,,,,,,,,,,,,11.6$1221240,11.9$1312800,8.3$1404360,0.0$2157097,,,,,,,,,,,,,,,,
Zaza Pachulia,Georgia,2003,16,20.2,60356464,,,,,,,,,,,,,,,,,,,,,,,,11.3$366931,18.9$620046,31.4$4000000,28.1$4000000,15.2$4000000,19.1$4000000,14.0$4750000,15.7$4251250,28.3$4750000,21.8$5248750,25.0$5200000,23.7$5200000,26.4$5200000,18.1$2898000,14.1$3477600,12.9$2393887,,,,
Zoran Planinić,Croatia,2003,4,10.8,3311280,,,,,,,,,,,,,,,,,,,,,,,,9.7$980280,12.0$1053720,10.6$1127280,0.0$150000,,,,,,,,,,,,,,,,
Andris Biedriņš,Latvia,2004,10,19.3,62208776,,,,,,,,,,,,,,,,,,,,,,,,,12.8$1727760,14.7$1857360,29.0$1986960,27.3$2636696,30.0$9000000,23.1$9000000,23.7$9000000,15.7$9000000,9.3$9000000,7.5$9000000,,,,,,,,,
Ben Gordon,England,2004,11,26.1,84617019,,,,,,,,,,,,,,,,,,,,,,,,,24.4$3358320,31.0$3610200,33.0$3862080,31.8$4881669,36.6$6404750,27.9$10000000,26.0$10800000,26.9$11600000,20.8$12400000,14.7$13200000,14.1$4500000,,,,,,,,
Beno Udrih,Slovenia,2004,14,21,44739048,,,,,,,,,,,,,,,,,,,,,,,,,14.4$841680,10.9$904800,13.0$967920,32.0$2535445,31.1$5585000,31.4$6031800,34.6$6478600,18.3$6925400,22.1$7372000,15.7$1272279,18.9$2077000,16.1$2170465,14.4$1551659,0.0$25000,,,,,
D.J. Mbenga,Belgium,2004,7,6.3,10673747,,,,,,,,,,,,,,,,,,,,,,,,,3.9$800000,5.5$880000,3.8$1628959,7.8$2483569,7.9$2852599,7.2$959111,8.0$1069509,,,,,,,,,,,,
İbrahim Kutluay,Turkey,2004,2,2.4,3360000,,,,,,,,,,,,,,,,,,,,,,,,,2.4$1600000,0.0$1760000,,,,,,,,,,,,,,,,,
Luol Deng,England,2004,18,32,168461551,,,,,,,,,,,,,,,,,,,,,,,,,27.3$2273400,33.4$2443920,37.5$2614440,33.8$3320339,34.0$9385000,37.9$10370425,39.1$11345000,39.4$12325000,38.7$13305000,35.1$14275000,33.6$9714461,32.4$10151612,26.5$18000000,13.0$17190000,17.8$16747954,0.0$5000000,0.0$5000000,0.0$5000000,
Mario Kasun,Croatia,2004,3,7.8,1986878,,,,,,,,,,,,,,,,,,,,,,,,,7.9$385277,7.6$682050,0.0$919551,,,,,,,,,,,,,,,,
Nenad Krstić,Serbia,2004,7,25.4,20641424,,,,,,,,,,,,,,,,,,,,,,,,,26.2$939480,30.9$1010040,32.6$1080480,18.0$1889760,24.8$4778548,22.9$5400000,22.1$5543116,,,,,,,,,,,,
Pavel Podkolzin,Russia,2004,3,10,2803440,,,,,,,,,,,,,,,,,,,,,,,,,2.0$1061880,18.0$1141560,0.0$600000,,,,,,,,,,,,,,,,
Sasha Vujačić,Slovenia,2004,10,13.9,22254895,,,,,,,,,,,,,,,,,,,,,,,,,11.5$846840,17.7$910440,12.8$973920,17.8$1756951,16.2$4524887,8.6$5000000,24.6$5475113,,,5.0$0,,14.9$1356146,9.7$1410598,,,,,,
Viktor Khryapa,Russia,2004,4,14.2,5216358,,,,,,,,,,,,,,,,,,,,,,,,,16.3$1019400,21.6$1095960,7.0$1172400,11.7$1928598,,,,,,,,,,,,,,,
Arvydas Macijauskas,Lithuania,2005,3,7.1,3500000,,,,,,,,,,,,,,,,,,,,,,,,,,7.1$2500000,0.0$500000,0.0$500000,,,,,,,,,,,,,,,
Ersan İlyasova,Turkey,2005,15,23.3,68722811,,,,,,,,,,,,,,,,,,,,,,,,,,0.0$398762,14.7$664209,,,23.4$2100000,25.1$2320500,27.6$2541000,27.6$7900000,26.9$7900000,22.7$7900000,25.4$7900000,26.1$8400000,24.3$5791736,25.1$7000000,18.4$7000000,15.7$754783,0.0$151821,
Johan Petro,France,2005,8,14.7,15845294,,,,,,,,,,,,,,,,,,,,,,,,,,18.9$936600,18.6$1006800,18.2$1077120,11.4$1939893,12.1$884881,11.6$3250000,15.6$3250000,11.4$3500000,,,,,,,,,,
José Calderón,Spain,2005,14,25.8,85737295,,,,,,,,,,,,,,,,,,,,,,,,,,23.2$2190000,21.0$2333334,30.3$2471604,34.3$7438018,26.7$8219009,30.9$9000000,33.9$9780992,29.6$11046591,30.5$6791570,30.2$7097191,28.1$7402812,13.1$8100905,16.0$1471382,12.9$2393887,,,,
Linas Kleiza,Lithuania,2005,7,20,18860573,,,,,,,,,,,,,,,,,,,,,,,,,,8.5$879360,18.8$945360,23.9$1011360,22.2$1824493,,26.5$4995000,21.6$4605000,18.8$4600000,,,,,,,,,,
Martynas Andriuškevičius,Lithuania,2005,2,1.5,1062971,,,,,,,,,,,,,,,,,,,,,,,,,,1.5$398762,0.0$664209,,,,,,,,,,,,,,,,
Melvin Sanders,Georgia,2005,1,7.1,24315,,,,,,,,,,,,,,,,,,,,,,,,,,7.1$24315,,,,,,,,,,,,,,,,,
Ronny Turiaf,France,2005,10,15.7,22581156,,,,,,,,,,,,,,,,,,,,,,,,,,7.0$0,15.1$664209,18.7$770610,21.5$4500000,20.8$4140000,17.8$4000000,16.4$4360000,10.8$1146337,19.5$1500000,9.5$1500000,,,,,,,,
Šarūnas Jasikevičius,Lithuania,2005,2,18.1,8000000,,,,,,,,,,,,,,,,,,,,,,,,,,20.8$4000000,15.4$4000000,,,,,,,,,,,,,,,,
Sergei Monia,Russia,2005,2,13.2,1116400,,,,,,,,,,,,,,,,,,,,,,,,,,13.2$1016400,0.0$100000,,,,,,,,,,,,,,,,
Travis Diener,Italy,2005,5,12.2,5922971,,,,,,,,,,,,,,,,,,,,,,,,,,10.7$398762,11.1$664209,20.5$1500000,13.1$1620000,5.7$1740000,,,,,,,,,,,,,
Yaroslav Korolev,Russia,2005,2,4.7,3536760,,,,,,,,,,,,,,,,,,,,,,,,,,5.3$1704480,4.1$1832280,,,,,,,,,,,,,,,,
Andrea Bargnani,Italy,2006,11,28.4,73519408,,,,,,,,,,,,,,,,,,,,,,,,,,,25.1$4501200,23.9$4838880,31.4$5176440,35.0$6527491,35.7$8500000,33.3$9250000,28.7$10000000,29.9$11862500,27.1$11500000,13.8$1039298,0.0$323599,,,,,,
Andreas Glyniadakis,Greece,2006,1,6.2,161061,,,,,,,,,,,,,,,,,,,,,,,,,,,6.2$161061,,,,,,,,,,,,,,,,
Damir Markota,Croatia,2006,1,5.7,412718,,,,,,,,,,,,,,,,,,,,,,,,,,,5.7$412718,,,,,,,,,,,,,,,,
Jorge Garbajosa,Spain,2006,3,19.6,12100000,,,,,,,,,,,,,,,,,,,,,,,,,,,28.5$3750000,10.6$4000000,0.0$4350000,,,,,,,,,,,,,,
Mickaël Gelabale,France,2006,3,15.8,2051298,,,,,,,,,,,,,,,,,,,,,,,,,,,17.7$802000,11.9$802000,,,,,17.9$447298,,,,,,,,,,
Mile Ilić,Serbia,2006,2,1.2,1664000,,,,,,,,,,,,,,,,,,,,,,,,,,,1.2$800000,0.0$864000,,,,,,,,,,,,,,,
Pops Mensah-Bonsu,England,2006,4,7.5,1107378,,,,,,,,,,,,,,,,,,,,,,,,,,,5.9$412718,12.9$0,6.0$330199,5.0$364461,,,,,,,,,,,,,
Sergio Rodríguez,Spain,2006,5,15,12669835,,,,,,,,,,,,,,,,,,,,,,,,,,,12.9$912000,8.7$817000,15.3$1048800,15.9$1892035,,,,,,,22.3$8000000,,,,,,
Thabo Sefolosha,Switzerland,2006,14,21.2,47289981,,,,,,,,,,,,,,,,,,,,,,,,,,,12.2$1679280,20.8$1805160,22.0$1931160,28.6$2759628,25.9$3250000,21.8$3300000,27.5$3600000,26.0$3900000,18.8$4150000,23.4$4000000,25.7$3850000,21.2$5250000,12.2$5250000,10.6$2564753,,,
Uroš Slokar,Slovenia,2006,1,3.6,412718,,,,,,,,,,,,,,,,,,,,,,,,,,,3.6$412718,,,,,,,,,,,,,,,,
Vassilis Spanoulis,Greece,2006,2,8.8,3744000,,,,,,,,,,,,,,,,,,,,,,,,,,,8.8$1800000,0.0$1944000,,,,,,,,,,,,,,,
Yakhouba Diawara,France,2006,4,12.3,2920174,,,,,,,,,,,,,,,,,,,,,,,,,,,18.4$412718,10.0$687456,13.5$875000,7.3$945000,,,,,,,,,,,,,
Darius Washington,North Macedonia,2007,1,8.1,154847,,,,,,,,,,,,,,,,,,,,,,,,,,,,8.1$154847,,,,,,,,,,,,,,,
Ian Mahinmi,France,2007,13,16.8,83789796,,,,,,,,,,,,,,,,,,,,,,,,,,,,3.8$938760,0$1009200,6.3$1079640,8.7$762196,18.7$0,16.5$4000000,16.2$4000000,18.8$4000000,25.6$4000000,17.9$15944154,14.9$16661641,14.6$15944154,21.3$15450051,,,
Joakim Noah,France,2007,15,24.4,144770972,,,,,,,,,,,,,,,,,,,,,,,,,,,,20.7$2135400,24.2$2295480,30.1$2455680,32.8$3128536,30.4$12000000,36.8$11300000,35.3$11100000,30.6$12200000,21.9$13400000,22.1$17000000,5.7$17765000,16.5$20261173,10.0$6866370,0.0$6431667,0.0$6431666,
Juan Carlos Navarro,Spain,2007,1,25.8,538090,,,,,,,,,,,,,,,,,,,,,,,,,,,,25.8$538090,,,,,,,,,,,,,,,
Kosta Perović,Serbia,2007,1,5.4,1800000,,,,,,,,,,,,,,,,,,,,,,,,,,,,5.4$1800000,,,,,,,,,,,,,,,
Kyrylo Fesenko,Ukraine,2007,5,7.6,3517500,,,,,,,,,,,,,,,,,,,,,,,,,,,,7.8$750000,7.4$810000,8.3$870000,8.6$1087500,5.7$0,,,,,,,,,,,
Marcin Gortat,Poland,2007,12,23.9,95091880,,,,,,,,,,,,,,,,,,,,,,,,,,,,6.8$427163,12.6$711517,13.4$5854000,25.4$6322320,32.0$6790640,30.8$7258960,32.8$7727280,29.9$10434782,30.1$11217391,31.2$12000000,25.3$12782609,16.0$13565218,,,,
Marco Belinelli,Italy,2007,13,21.9,49427727,,,,,,,,,,,,,,,,,,,,,,,,,,,,7.3$1345800,21.0$1446720,17.0$1547640,24.5$2380270,29.8$3377604,25.8$1957000,25.2$2750000,22.4$2873750,24.6$6333333,24.0$6333333,24.3$7082277,23.0$6153846,15.5$5846154,,,
Milovan Raković,Serbia,2007,0,0,0,,,,,,,,,,,,,,,,,,,,,,,,,,,,,,,,,,,,,,,,,,,
Oleksiy Pecherov,Ukraine,2007,3,9.3,4340160,,,,,,,,,,,,,,,,,,,,,,,,,,,,9.1$1345800,8.7$1446720,10.2$1547640,,,,,,,,,,,,,
Taurean Green,Georgia,2007,1,4.4,427163,,,,,,,,,,,,,,,,,,,,,,,,,,,,4.4$427163,,,,,,,,,,,,,,,
Alexis Ajinça,France,2008,8,11.7,24244516,,,,,,,,,,,,,,,,,,,,,,,,,,,,,5.9$1276320,5.0$1372080,10.0$1467840,,,,14.1$981084,14.6$4300000,15.0$4600000,0.0$4961798,0.0$5285394,,,,
Anthony Randolph,Slovenia,2008,7,15.2,13673791,,,,,,,,,,,,,,,,,,,,,,,,,,,,,17.9$1709280,22.7$1837560,14.8$1965720,15.2$2911231,8.4$1674641,12.3$1750000,0.0$1825359,,,,,,,,
Danilo Gallinari,Italy,2008,14,29.3,177685814,,,,,,,,,,,,,,,,,,,,,,,,,,,,,14.7$2873520,33.9$3089040,33.9$3304560,31.4$4190182,32.5$9439000,0.0$10146925,24.2$10854850,34.7$14000000,33.9$15050000,32.0$20559599,30.3$21587579,29.6$22615559,24.0$19500000,25.3$20475000,
Goran Dragić,Slovenia,2008,15,26.8,154298522,,,,,,,,,,,,,,,,,,,,,,,,,,,,,13.2$1700000,18.0$1836000,17.6$1972000,26.5$2108000,33.5$7500000,35.1$7500000,33.8$7500000,32.8$14780000,33.7$15890000,31.7$17000450,27.5$18109175,28.2$19217900,26.7$18000000,23.7$19348907,19.3$1836090
Kosta Koufos,Greece,2008,11,15.3,47578792,,,,,,,,,,,,,,,,,,,,,,,,,,,,,11.8$1129320,4.8$1214040,8.7$1352640,16.5$2203792,22.4$3000000,16.9$3000000,16.6$3000000,19.0$7500000,20.0$8046500,19.6$8393000,12.0$8739500,,,,
Marc Gasol,Spain,2008,14,31.9,185797591,,,,,,,,,,,,,,,,,,,,,,,,,,,,,30.7$3093333,35.8$3240000,31.9$3480000,36.5$12922194,35.0$13891359,33.4$14860523,33.2$15829688,34.4$19700000,34.2$21165675,33.0$22642350,30.8$24119025,26.4$25595700,19.1$2564753,0.0$2692991,
Nicolas Batum,France,2008,15,29.2,177875472,,,,,,,,,,,,,,,,,,,,,,,,,,,,,18.4$1040640,24.8$1118760,31.5$1196760,30.4$2155365,38.5$10850000,36.0$11295250,33.5$11765500,35.0$12235750,34.0$20869566,31.0$22434783,31.4$24000000,23.0$25565217,27.4$10477533,24.8$12026998,18.3$10843350
Nikola Peković,Montenegro,2008,7,23.7,61740800,,,,,,,,,,,,,,,,,,,,,,,,,,,,,,,13.6$4000000,26.9$4503600,31.6$4837200,30.8$12100000,26.3$12100000,13.0$12100000,0.0$12100000,,,,,,
Ömer Aşık,Turkey,2008,10,18.2,74488953,,,,,,,,,,,,,,,,,,,,,,,,,,,,,,,12.1$1721000,14.7$1857500,30.0$8374646,20.2$8374646,26.1$8374646,17.3$11000000,15.5$9904494,10.1$10595505,0.0$11286516,0.0$3000000,,,
Roko Ukić,Croatia,2008,2,9.9,1553232,,,,,,,,,,,,,,,,,,,,,,,,,,,,,12.4$1250000,7.5$303232,,,,,,,,,,,,,
Rudy Fernández,Spain,2008,3,23.8,5676523,,,,,,,,,,,,,,,,,,,,,,,,,,,,,,23.2$1165320,23.3$1246680,22.9$2180443,,,,,,,,,,,
Semih Erden,Turkey,2008,2,13.2,1235799,,,,,,,,,,,,,,,,,,,,,,,,,,,,,,,14.5$473604,11.9$762195,,,,,,,,,,,
Tadija Dragićević,Serbia,2008,0,0,0,,,,,,,,,,,,,,,,,,,,,,,,,,,,,,,,,,,,,,,,,,,
Byron Mullens,England,2009,5,13.9,6813813,,,,,,,,,,,,,,,,,,,,,,,,,,,,,,4.2$1120200,6.5$1204200,22.5$1288200,26.9$2253306,9.2$947907,,,,,,,,,
Jonas Jerebko,Sweden,2009,10,17.8,35385264,,,,,,,,,,,,,,,,,,,,,,,,,,,,,,27.9$457588,0.0$762195,22.9$4500000,18.2$4500000,11.6$4500000,16.4$4500000,15.1$5000000,15.8$5000000,15.3$4000000,16.7$2165481,,,,
Omri Casspi,Israel,2009,10,19.7,17838093,,,,,,,,,,,,,,,,,,,,,,,,,,,,,,25.1$1167000,24.0$1254480,20.6$1341960,11.7$2277306,18.1$947907,21.1$1063384,27.2$3000000,17.9$3138414,17.1$1471382,14.0$2176260,,,,
Rodrigue Beaubois,France,2009,4,16,5695573,,,,,,,,,,,,,,,,,,,,,,,,,,,,,,12.5$1075440,17.7$1156080,21.7$1236720,12.2$2227333,,,,,,,,,,
Serge Ibaka,Spain,2009,14,26.1,139044562,,,,,,,,,,,,,,,,,,,,,,,,,,,,,,18.1$1120200,27.0$1204200,27.2$1288200,31.1$2253062,32.9$12250000,33.1$12350000,32.1$12350000,30.7$12250000,27.5$20061729,27.2$21666667,27.0$23271604,23.3$9258000,16.2$9720900,11.8$1836090
Viacheslav Kravtsov,Ukraine,2009,2,6,1500000,,,,,,,,,,,,,,,,,,,,,,,,,,,,,,,,,9.0$0,3.0$1500000,,,,,,,,,
Kevin Séraphin,France,2010,7,14.6,16300886,,,,,,,,,,,,,,,,,,,,,,,,,,,,,,,10.9$1563120,20.6$1680360,21.8$1797600,10.9$2761114,15.6$3898692,11.0$2800000,11.4$1800000,,,,,,
Nemanja Bjelica,Serbia,2010,7,20,34314447,,,,,,,,,,,,,,,,,,,,,,,,,,,,,,,,,,,,17.9$4000000,18.3$3800000,20.5$3949999,23.2$6500000,27.9$6825000,16.1$7150000,16.1$2089448,
Oliver Lafayette,Croatia,2010,1,22,0,,,,,,,,,,,,,,,,,,,,,,,,,,,,,,,22.0$0,,,,,,,,,,,,
Pape Sy,France,2010,1,7,473604,,,,,,,,,,,,,,,,,,,,,,,,,,,,,,,7.0$473604,,,,,,,,,,,,
Pooh Jeter,Ukraine,2010,1,13.8,473604,,,,,,,,,,,,,,,,,,,,,,,,,,,,,,,13.8$473604,,,,,,,,,,,,
Timofey Mozgov,Russia,2010,11,16.5,82478088,,,,,,,,,,,,,,,,,,,,,,,,,,,,,,,11.6$3567096,15.6$3343896,8.9$3140429,21.6$4400000,25.2$4650000,17.4$4950000,20.4$16000000,11.6$15280000,0.0$16000000,0.0$5573333,0.0$5573334,,
Enes Kanter Freedom,Turkey,2011,11,20.9,104579345,,,,,,,,,,,,,,,,,,,,,,,,,,,,,,,,13.2$4133280,15.4$4443360,26.7$4505280,28.5$5694674,21.0$16400000,21.3$17145838,25.8$20566802,24.5$19276070,16.9$4767000,24.4$5005350,11.7$2641691,
Jan Veselý,Czech Republic,2011,3,15,9700920,,,,,,,,,,,,,,,,,,,,,,,,,,,,,,,,18.9$3065040,11.8$3294960,14.4$3340920,,,,,,,,,
Nikola Vučević,Montenegro,2011,12,30.5,155958980,,,,,,,,,,,,,,,,,,,,,,,,,,,,,,,,15.9$1645400,33.2$1768800,31.8$1793520,34.2$2751260,31.3$11250000,28.8$11750000,29.5$12250000,31.4$12750000,32.2$28000000,33.5$26000000,33.1$24000000,31.1$22000000
Ricky Rubio,Spain,2011,11,30.4,122459046,,,,,,,,,,,,,,,,,,,,,,,,,,,,,,,,34.2$3480120,29.7$3741120,32.2$4002120,31.5$5070686,30.6$12365000,32.9$13550000,29.3$14275000,27.9$14975000,31.0$16200000,26.1$17000000,28.5$17800000,
Alexey Shved,Russia,2012,3,17.6,9366666,,,,,,,,,,,,,,,,,,,,,,,,,,,,,,,,,23.9$2934610,10.5$3150000,18.3$3282056,,,,,,,,
Donatas Motiejūnas,Lithuania,2012,6,14.9,7284909,,,,,,,,,,,,,,,,,,,,,,,,,,,,,,,,,12.2$1453520,15.4$1422720,28.7$1483920,14.8$2288205,14.1$576724,,4.3$59820,,,,
Evan Fournier,France,2012,11,27.3,127149102,,,,,,,,,,,,,,,,,,,,,,,,,,,,,,,,,11.3$1361400,19.8$1422720,28.6$1483920,32.5$2288205,32.9$17000000,32.2$17000000,31.5$17000000,31.5$17000000,30.0$17450000,29.5$17142857,20$18000000
Furkan Aldemir,Turkey,2012,2,13.2,6000000,,,,,,,,,,,,,,,,,,,,,,,,,,,,,,,,,,,13.2$3000000,0.0$3000000,,,,,,,
Jeffery Taylor,Sweden,2012,3,19.4,279115,,,,,,,,,,,,,,,,,,,,,,,,,,,,,,,,,19.6$575000,24.2$788872,14.8$915243,,,,,,,,
Joel Freeland,England,2012,3,12.1,8925000,,,,,,,,,,,,,,,,,,,,,,,,,,,,,,,,,9.4$3013512,14.0$2897976,12.9$3013512,,,,,,,,
Jonas Valančiūnas,Lithuania,2012,11,25.8,122310025,,,,,,,,,,,,,,,,,,,,,,,,,,,,,,,,,23.9$3627720,28.2$3526440,26.2$3678360,26.0$4660482,25.8$14382022,22.4$15460675,22.3$16539326,26.4$16000000,28.3$15000000,30.3$14000000,23.6$15435000
Luke Zeller,Georgia,2012,1,3.6,473604,,,,,,,,,,,,,,,,,,,,,,,,,,,,,,,,,3.6$473604,,,,,,,,,,
Maalik Wayns,Belarus,2012,2,6,217301,,,,,,,,,,,,,,,,,,,,,,,,,,,,,,,,,7.5$217301,4.5$0,,,,,,,,,
Mirza Teletović,Bosnia,2012,8,17.4,43187150,,,,,,,,,,,,,,,,,,,,,,,,,,,,,,,,,9.4$3090000,19.4$3229050,22.3$3368100,21.3$5500000,16.2$10500000,15.9$10500000,0.0$3500000,0.0$3500000,,,
Nando De Colo,France,2012,2,11.7,2863000,,,,,,,,,,,,,,,,,,,,,,,,,,,,,,,,,12.8$1400000,10.5$1463000,,,,,,,,,
Tornike Shengelia,Georgia,2012,2,5.5,1262476,,,,,,,,,,,,,,,,,,,,,,,,,,,,,,,,,4.9$473604,5.9$788872,,,,,,,,,
Victor Claver,Spain,2012,3,11,4000000,,,,,,,,,,,,,,,,,,,,,,,,,,,,,,,,,16.6$1300000,8.8$1330000,7.6$1370000,,,,,,,,
Alex Len,Ukraine,2013,10,16.7,39644952,,,,,,,,,,,,,,,,,,,,,,,,,,,,,,,,,,8.6$3492720,22.0$3649920,23.3$3807120,20.3$4823621,20.2$4187599,20.1$4350000,17.6$4160000,15.3$3523372,15.9$3732000,3.3$3918600
Dennis Schroder,Germany,2013,9,26.3,75900862,,,,,,,,,,,,,,,,,,,,,,,,,,,,,,,,,,13.1$1348200,19.7$1690680,20.3$1763400,31.5$2708582,31.0$15500000,29.3$15500000,30.8$15500000,32.1$16000000,28.7$5890000,
Elias Harris,Germany,2013,1,5.5,0,,,,,,,,,,,,,,,,,,,,,,,,,,,,,,,,,,5.5$0,,,,,,,,,
Erik Murphy,Finland,2013,2,2.6,590180,,,,,,,,,,,,,,,,,,,,,,,,,,,,,,,,,,2.6$490180,0.0$100000,,,,,,,,
Gal Mekel,Israel,2013,5,9.6,2397736,,,,,,,,,,,,,,,,,,,,,,,,,,,,,,,,,,9.4$0,10.8$1450456,0.0$315760,0.0$315760,0.0$315760,,,,,
Giannis Antetokounmpo,Greece,2013,10,32.5,190452602,,,,,,,,,,,,,,,,,,,,,,,,,,,,,,,,,,24.6$1792560,31.4$1873200,35.3$1953960,35.6$2995421,36.7$22471910,32.8$24157304,30.4$25842697,33.0$27528088,32.9$39344970,32.6$42492492
Gigi Datome,Italy,2013,2,8.5,1750000,,,,,,,,,,,,,,,,,,,,,,,,,,,,,,,,,,7.0$0,10.0$1750000,,,,,,,,
Lorenzo Brown,Spain,2013,5,11.5,1820718,,,,,,,,,,,,,,,,,,,,,,,,,,,,,,,,,,8.6$283367,18.9$117016,7.6$111444,,9.9$508891,8.2$800000,,,,
Nick Calathes,Greece,2013,2,15.4,816482,,,,,,,,,,,,,,,,,,,,,,,,,,,,,,,,,,16.5$0,14.4$816482,,,,,,,,
Pero Antić,North Macedonia,2013,2,17.5,1250000,,,,,,,,,,,,,,,,,,,,,,,,,,,,,,,,,,18.5$0,16.5$1250000,,,,,,,,
Rudy Gobert,France,2013,10,29.5,176770610,,,,,,,,,,,,,,,,,,,,,,,,,,,,,,,,,,9.6$1078800,26.3$1127400,31.7$1175880,33.9$2121288,32.4$21974719,31.8$23241573,34.3$25008427,30.8$27525281,32.1$35344828,32.3$38172414
Sergey Karasev,Russia,2013,3,11.3,4601520,,,,,,,,,,,,,,,,,,,,,,,,,,,,,,,,,,7.1$1467840,16.8$1533840,10.0$1599840,,,,,,,
Shane Larkin,Turkey,2013,4,17.9,6114422,,,,,,,,,,,,,,,,,,,,,,,,,,,,,,,,,,10.2$1536960,24.5$1606080,22.4$1500000,,14.4$1471382,,,,,
Tim Ohibrecht,Germany,2013,2,4,933739,,,,,,,,,,,,,,,,,,,,,,,,,,,,,,,,,,4.0$144867,0.0$788872,,,,,,,,
Bogdan Bogdanović,Serbia,2014,5,28.7,63000000,,,,,,,,,,,,,,,,,,,,,,,,,,,,,,,,,,,,,,27.9$9470614,27.8$9000000,29.0$8529386,29.7$18000000,29.3$18000000,
Bojan Bogdanović,Croatia,2014,9,29.1,84597163,,,,,,,,,,,,,,,,,,,,,,,,,,,,,,,,,,,23.8$3278000,26.7$3425510,25.7$3730653,30.8$10500000,31.8$10500000,33.1$10500000,30.8$17000000,30.9$17661000,31.2$18502000
Clint Capela,Switzerland,2014,9,25.5,87562681,,,,,,,,,,,,,,,,,,,,,,,,,,,,,,,,,,,7.5$1189200,19.1$1242720,23.9$1296240,27.5$2334520,33.6$15293104,32.8$14896552,30.1$16000000,27.6$17103448,27.4$18206897
Damjan Rudež,Croatia,2014,3,10.3,3229931,,,,,,,,,,,,,,,,,,,,,,,,,,,,,,,,,,,15.4$1100000,8.4$1149500,7.0$980431,,,,,,
Duje Dukan,Croatia,2014,1,24,525093,,,,,,,,,,,,,,,,,,,,,,,,,,,,,,,,,,,,24.0$525093,,,,,,,
Justin Hamilton,Croatia,2014,5,14.9,6816482,,,,,,,,,,,,,,,,,,,,,,,,,,,,,,,,,,,17.4$816482,,18.4$3000000,0.0$1000000,0.0$1000000,0.0$1000000,,,
Jusuf Nurkić,Bosnia,2014,9,24.7,72098305,,,,,,,,,,,,,,,,,,,,,,,,,,,,,,,,,,,17.8$1762680,17.1$1842000,21.4$1921320,26.4$2947305,27.4$11111111,31.6$12000000,23.8$12888889,28.2$12000000,28.2$15625000
Kostas Papanikolaou,Greece,2014,2,14.9,5150000,,,,,,,,,,,,,,,,,,,,,,,,,,,,,,,,,,,18.5$4800000,11.3$350000,,,,,,,
Nemanja Dangubić,Serbia,2014,0,0,0,,,,,,,,,,,,,,,,,,,,,,,,,,,,,,,,,,,,,,,,,,,
Nikola Jokić,Serbia,2014,8,30.6,148408895,,,,,,,,,,,,,,,,,,,,,,,,,,,,,,,,,,,,21.7$1300000,27.9$1358500,32.6$1471382,31.3$24605181,32.0$26573595,34.6$29542010,33.5$30510423,31.1$33047804
Nikola Mirotić,Spain,2014,5,24.7,41631175,,,,,,,,,,,,,,,,,,,,,,,,,,,,,,,,,,,20.2$5305000,24.9$5543725,24.0$5782450,27.2$12500000,27.1$12500000,,,,
Shayne Whittington,North Macedonia,2014,2,5.7,1352395,,,,,,,,,,,,,,,,,,,,,,,,,,,,,,,,,,,5.4$507336,5.9$845059,,,,,,,
Vasilije Micić,Serbia,2014,0,0,0,,,,,,,,,,,,,,,,,,,,,,,,,,,,,,,,,,,,,,,,,,,
Zoran Dragić,Slovenia,2014,2,4.7,4012500,,,,,,,,,,,,,,,,,,,,,,,,,,,,,,,,,,,4.7$1962103,0.0$2050397,,,,,,,
Cedi Osman,Turkey,2015,6,23.6,32725002,,,,,,,,,,,,,,,,,,,,,,,,,,,,,,,,,,,,,,11.0$2642857,32.2$2775000,29.4$2907143,25.6$8840580,22.2$8133334,21.4$7426088
Damien Inglis,France,2015,2,7.8,1675000,,,,,,,,,,,,,,,,,,,,,,,,,,,,,,,,,,,0.0$820000,7.8$855000,,,,,,,
Joffrey Lauvergne,France,2015,4,13.1,6734025,,,,,,,,,,,,,,,,,,,,,,,,,,,,,,,,,,,11.2$1790280,17.6$1709720,14.0$1709720,9.7$1524305,,,,,
Kristaps Porziņģis,Latvia,2015,6,30.9,107053494,,,,,,,,,,,,,,,,,,,,,,,,,,,,,,,,,,,,28.4$4131720,32.8$4317720,32.4$4503600,,31.8$27285000,30.9$29467800,29.0$31650600,
Luka Mitrović,Serbia,2015,0,0,0,,,,,,,,,,,,,,,,,,,,,,,,,,,,,,,,,,,,,,,,,,,
Mario Hezonja,Croatia,2015,6,18.4,21943796,,,,,,,,,,,,,,,,,,,,,,,,,,,,,,,,,,,,17.9$3741480,14.8$3909840,22.1$4078320,20.8$6500000,16.4$1737145,0.0$1977011,,
Nikola Milutinov,Serbia,2015,0,0,0,,,,,,,,,,,,,,,,,,,,,,,,,,,,,,,,,,,,,,,,,,,
Sasha Kaun,Russia,2015,2,3.8,2633420,,,,,,,,,,,,,,,,,,,,,,,,,,,,,,,,,,,,3.8$1300000,0.0$1333420,,,,,,
Tibor Pleiß,Germany,2015,3,6.8,6500000,,,,,,,,,,,,,,,,,,,,,,,,,,,,,,,,,,,,6.8$3000000,0.0$3000000,0.0$500000,,,,,
Álex Abrines,Spain,2016,3,16.5,15294947,,,,,,,,,,,,,,,,,,,,,,,,,,,,,,,,,,,,,15.5$5994764,15.1$5725000,19.0$3575183,,,,
Axel Toupane,France,2016,3,12.5,245581,,,,,,,,,,,,,,,,,,,,,,,,,,,,,,,,,,,,,14.5$148552,11.8$97029,,,7.6$508891,,
Dario Šarić,Croatia,2016,5,22,28509666,,,,,,,,,,,,,,,,,,,,,,,,,,,,,,,,,,,,,26.3$2318280,29.6$2422560,25.0$2526840,24.7$3481986,17.4$9250000,,
Dāvis Bertāns,Latvia,2016,6,19.5,46856082,,,,,,,,,,,,,,,,,,,,,,,,,,,,,,,,,,,,,12.1$543471,14.1$1312611,21.5$7000000,29.3$7000000,25.7$15000000,14.4$16000000,
Domantas Sabonis,Lithuania,2016,7,29.5,67979555,,,,,,,,,,,,,,,,,,,,,,,,,,,,,,,,,,,,,20.1$2440200,24.5$2550000,24.8$2659800,34.8$3529555,36.0$19800000,34.5$18500000,31.7$18500000
Dragan Bender,Croatia,2016,4,18.6,15274956,,,,,,,,,,,,,,,,,,,,,,,,,,,,,,,,,,,,,13.3$4276320,25.2$4468800,18.0$4661280,17.9$1868556,,,
Furkan Korkmaz,Turkey,2016,6,14.6,16218910,,,,,,,,,,,,,,,,,,,,,,,,,,,,,,,,,,,,,,5.7$1465920,14.1$1740000,21.7$1620564,19.3$1762796,21.1$4629630,5.6$5000000
Georgios Papagiannis,Greece,2016,3,11.7,6763556,,,,,,,,,,,,,,,,,,,,,,,,,,,,,,,,,,,,,16.1$2202240,7.2$2560916,0.0$2000400,,,,
Ivica Zubac,Croatia,2016,7,19.8,46892518,,,,,,,,,,,,,,,,,,,,,,,,,,,,,,,,,,,,,16.0$1034956,9.5$1312611,17.6$1544951,18.4$6481482,22.3$7000000,24.4$7518518,30.5$22000000
Jakob Poeltl,Austria,2016,7,21.3,38481806,,,,,,,,,,,,,,,,,,,,,,,,,,,,,,,,,,,,,11.6$2703960,18.6$2825640,16.5$2947320,17.7$3754886,26.7$8101852,29.0$8750000,28.8$9398148
Joel Bolomboy,Russia,2016,2,5.1,1912611,,,,,,,,,,,,,,,,,,,,,,,,,,,,,,,,,,,,,4.4$600000,6.3$1312611,,,,,
Juancho Hernangómez,Spain,2016,7,15.3,23281200,,,,,,,,,,,,,,,,,,,,,,,,,,,,,,,,,,,,,13.6$1987440,11.1$2076840,19.4$2166360,17.4$3321030,17.3$5718000,11.1$6175440,17.5$1836090
Mindaugas Kuzminskas,Lithuania,2016,2,17.9,5923035,,,,,,,,,,,,,,,,,,,,,,,,,,,,,,,,,,,,,14.9$2898000,2.0$3025035,,,,,
Paul Zipser,Germany,2016,2,17.2,2062611,,,,,,,,,,,,,,,,,,,,,,,,,,,,,,,,,,,,,19.2$750000,15.3$1312611,,,,,
Rade Zagorac,Serbia,2016,0,0,0,,,,,,,,,,,,,,,,,,,,,,,,,,,,,,,,,,,,,,,,,,,
Thanasis Antetokounmpo,Greece,2016,5,6.4,6861115,,,,,,,,,,,,,,,,,,,,,,,,,,,,,,,,,,,,,3.0$105888,,,3.0$1445697,6.5$1701593,9.7$1729217,9.9$1878720
Timothé Luwawu-Cabarrot,France,2016,6,15.9,8866034,,,,,,,,,,,,,,,,,,,,,,,,,,,,,,,,,,,,,17.2$1326960,15.5$1386600,13.4$1544951,18.1$844170,13.2$1939350,18.1$1824003,
Tomáš Satoranský,Czech Republic,2016,6,21.7,38375000,,,,,,,,,,,,,,,,,,,,,,,,,,,,,,,,,,,,,12.6$2870813,22.5$3000000,27.1$3129187,28.9$9375000,16.5$10000000,22.5$10000000,
Willy Hernangómez,Spain,2016,7,14,12423801,,,,,,,,,,,,,,,,,,,,,,,,,,,,,,,,,,,,,18.4$1375000,10.3$1435750,14.0$1544951,12.1$1676735,18.0$1620564,16.8$2327220,8.7$2443581
Alpha Kaba,Serbia,2017,0,0,0,,,,,,,,,,,,,,,,,,,,,,,,,,,,,,,,,,,,,,,,,,,
Ante Žižić,Croatia,2017,3,11.7,5879760,,,,,,,,,,,,,,,,,,,,,,,,,,,,,,,,,,,,,,6.7$1645200,18.3$1952760,10.0$2281800,,,
Daniel THeis,Germany,2017,5,19.6,20474208,,,,,,,,,,,,,,,,,,,,,,,,,,,,,,,,,,,,,,14.9$815615,13.8$1378242,24.1$5000000,24.6$5000000,20.8$8280351,
Frank Ntilikina,France,2017,6,14.9,22514792,,,,,,,,,,,,,,,,,,,,,,,,,,,,,,,,,,,,,,21.9$3501120,21.0$4155720,20.8$4855800,9.8$6176578,11.8$1789256,4.0$2036318
Guerschon Yabusele,France,2017,5,6.6,8032320,,,,,,,,,,,,,,,,,,,,,,,,,,,,,,,,,,,,,,7.1$2247480,6.1$2667600,0.0$1039080,0.0$1039080,0.0$1039080,
Jacob Pullen,Georgia,2017,1,2,502000,,,,,,,,,,,,,,,,,,,,,,,,,,,,,,,,,,,,,,2.0$502000,,,,,
Jacob Wiley,North Macedonia,2017,1,6.6,502000,,,,,,,,,,,,,,,,,,,,,,,,,,,,,,,,,,,,,,6.6$502000,,,,,
Jonah Bolden,Serbia,2017,2,10.6,3470128,,,,,,,,,,,,,,,,,,,,,,,,,,,,,,,,,,,,,,,14.5$1690000,6.7$1780128,,,
Lauri Markkanen,Finland,2017,6,30.2,52556031,,,,,,,,,,,,,,,,,,,,,,,,,,,,,,,,,,,,,,29.7$3821640,32.3$4536120,29.8$5300400,25.8$6731508,30.8$15690909,32.8$16475454
Maxi Kleber,Germany,2017,6,23.2,36268857,,,,,,,,,,,,,,,,,,,,,,,,,,,,,,,,,,,,,,16.8$815615,21.2$1378242,25.5$8000000,26.8$8325000,24.6$8750000,24.6$9000000
Mike Tobey,Slovenia,2017,1,12.5,138938,,,,,,,,,,,,,,,,,,,,,,,,,,,,,,,,,,,,,,12.5$138938,,,,,
OG Anunoby,England,2017,6,29.1,43180547,,,,,,,,,,,,,,,,,,,,,,,,,,,,,,,,,,,,,,20.0$1645200,20.2$1952760,29.9$2281800,33.3$3872215,36.0$16071429,35.5$17357143
Ognjen Jaramaz,Serbia,2017,0,0,0,,,,,,,,,,,,,,,,,,,,,,,,,,,,,,,,,,,,,,,,,,,
Ryan Arcidiacono,Italy,2017,6,16.9,10349459,,,,,,,,,,,,,,,,,,,,,,,,,,,,,,,,,,,,,,12.7$75000,24.2$$1349383,16.0$3000000,10.2$3000000,7.6$791798,2.0$2133278
T. J. Leaf,Israel,2017,4,8.5,11576025,,,,,,,,,,,,,,,,,,,,,,,,,,,,,,,,,,,,,,8.7$202836,9.0$2407560,7.9$2813280,5.0$4326825,,
Tyler Dorsey,Greece,2017,3,16,2702748,,,,,,,,,,,,,,,,,,,,,,,,,,,,,,,,,,,,,,17.4$815615,14.5$1378242,,,,4.0$508891
Dairis Bertāns,Latvia,2018,1,13.9,194220,,,,,,,,,,,,,,,,,,,,,,,,,,,,,,,,,,,,,,,13.9$194220,,,,
Džanan Musa,Bosnia,2018,3,8.2,5546640,,,,,,,,,,,,,,,,,,,,,,,,,,,,,,,,,,,,,,,4.3$1632240,12.2$1911600,0.0$2002800,,
Elie Okobo,France,2018,2,15.6,2655316,,,,,,,,,,,,,,,,,,,,,,,,,,,,,,,,,,,,,,,18.1$1238464,13.1$1416852,,,
Isaiah Hartenstein,Germany,2018,5,14.9,13409976,,,,,,,,,,,,,,,,,,,,,,,,,,,,,,,,,,,,,,,7.9$838464,11.6$1416852,12.2$1620564,17.9$1729217,24.9$7804879
Issac Bonga,Germany,2018,4,10,5809930,,,,,,,,,,,,,,,,,,,,,,,,,,,,,,,,,,,,,,,5.5$1000000,18.9$1416852,10.8$1663861,4.6$1729217,
Kostas Antetokounmpo,Greece,2018,3,4,1506000,,,,,,,,,,,,,,,,,,,,,,,,,,,,,,,,,,,,,,,5.5$$502000,4$$502000,3.7$502000,,
Luka Dončić,Slovenia,2018,5,34.5,69564251,,,,,,,,,,,,,,,,,,,,,,,,,,,,,,,,,,,,,,,32.2$6560640,33.6$7683360,34.3$8049360,35.4$10174391,37.2$37096500
Moritz Wagner,Germany,2018,4,17.8,7938732,,,,,,,,,,,,,,,,,,,,,,,,,,,,,,,,,,,,,,,10.4$1762080,18.6$2063520,16.0$2383915,26.0$1729217,
Rodions Kurucs,Latvia,2018,3,13.7,5097708,,,,,,,,,,,,,,,,,,,,,,,,,,,,,,,,,,,,,,,20.5$1618320,14.6$1699236,6.0$1780152,,
Svi Mykhailiuk,Ukraine,2018,5,13.6,8133714,,,,,,,,,,,,,,,,,,,,,,,,,,,,,,,,,,,,,,,10.5$1487694,22.6$1416852,20.1$1663861,12.8$1729217,2.0$1836090
Adam Mokoka,France,2019,2,6.7,1017782,,,,,,,,,,,,,,,,,,,,,,,,,,,,,,,,,,,,,,,,10.2$508891,4$508891,,
Anžejs Pasečņiks,Latvia,2019,2,11.1,856441,,,,,,,,,,,,,,,,,,,,,,,,,,,,,,,,,,,,,,,,16.2$482144,6.0$374297,,
Goga Bitadze,Georgia,2019,4,12.2,13638019,,,,,,,,,,,,,,,,,,,,,,,,,,,,,,,,,,,,,,,,8.7$2816760,12.5$2957520,14.6$3098400,13.1$4765339
Ignas Brazdeikis,Lithuania,2019,3,13.1,2564821,,,,,,,,,,,,,,,,,,,,,,,,,,,,,,,,,,,,,,,,5.9$898310,19.2$1666511,12.8$502000,
Jaylen Hoard,France,2019,3,17,3616875,,,,,,,,,,,,,,,,,,,,,,,,,,,,,,,,,,,,,,,,7.9$502000,16.8$1445697,34.3$1669178,
Luka Šamanić,Croatia,2019,3,9.9,8473320,,,,,,,,,,,,,,,,,,,,,,,,,,,,,,,,,,,,,,,,16$2689920,19.3$2824320,0.0$2959080,
Nicolò Melli,Italy,2019,2,15,8000000,,,,,,,,,,,,,,,,,,,,,,,,,,,,,,,,,,,,,,,,17.4$4102564,12.6$3897436,,
Sekou Doumbouya,France,2019,3,17.1,10348200,,,,,,,,,,,,,,,,,,,,,,,,,,,,,,,,,,,,,,,,19.8$3285120,15.5$3449400,8$3613680,
Vanja Marinković,Serbia,2019,0,0,0,,,,,,,,,,,,,,,,,,,,,,,,,,,,,,,,,,,,,,,,,,,
Vincent Poirier,France,2019,2,4.9,5125000,,,,,,,,,,,,,,,,,,,,,,,,,,,,,,,,,,,,,,,,5.9$2505793,3.9$2619207,,
Vlatko Čančar,Slovenia,2019,4,6.1,6433271,,,,,,,,,,,,,,,,,,,,,,,,,,,,,,,,,,,,,,,,3.2$898310,6.9$1517981,11.7$1782621,2.7$2234359
William Howard,France,2019,1,6.5,50000,,,,,,,,,,,,,,,,,,,,,,,,,,,,,,,,,,,,,,,,6.5$50000,,,
Deividas Sirvydis,Lithuania,2020,2,7.8,2501869,,,,,,,,,,,,,,,,,,,,,,,,,,,,,,,,,,,,,,,,,6.7$898310,9.0$1603559,
Deni Avdija,Israel,2020,3,23.3,14078160,,,,,,,,,,,,,,,,,,,,,,,,,,,,,,,,,,,,,,,,,23.3$4469160,24.2$4692840,22.5$4916160
Killian Hayes,France,2020,3,23.8,16717560,,,,,,,,,,,,,,,,,,,,,,,,,,,,,,,,,,,,,,,,,25.8$5307120,25.0$5572680,20.7$5837760
Killian Tillie,France,2020,2,11.9,2403625,,,,,,,,,,,,,,,,,,,,,,,,,,,,,,,,,,,,,,,,,10.1$502000,12.8$1901625,
Marko Simonović,Serbia,2020,2,3,2488776,,,,,,,,,,,,,,,,,,,,,,,,,,,,,,,,,,,,,,,,,,3.9$925258,2.0$1563518
Nico Mannion,Italy,2020,1,12.1,502000,,,,,,,,,,,,,,,,,,,,,,,,,,,,,,,,,,,,,,,,,12.1$502000,,
Théo Maledon,France,2020,3,19.8,6061266,,,,,,,,,,,,,,,,,,,,,,,,,,,,,,,,,,,,,,,,,27.4$2000000,17.8$2000000,14.1$2061266
Alperen Şengün,Turkey,2021,2,23.6,6590040,,,,,,,,,,,,,,,,,,,,,,,,,,,,,,,,,,,,,,,,,,20.7$3214680,26.5$3375360
Arnoldas Kulboka,Lithuania,2021,1,2.5,508891,,,,,,,,,,,,,,,,,,,,,,,,,,,,,,,,,,,,,,,,,,2.5$508891,
Filip Petrušev,Serbia,2021,0,0,0,,,,,,,,,,,,,,,,,,,,,,,,,,,,,,,,,,,,,,,,,,,
Franz Wagner,Germany,2021,2,32.4,10266120,,,,,,,,,,,,,,,,,,,,,,,,,,,,,,,,,,,,,,,,,,30.7$5007840,34.1$5258280
Georgios Kalaitzakis,Greece,2021,1,16.5,515805,,,,,,,,,,,,,,,,,,,,,,,,,,,,,,,,,,,,,,,,,,16.5$515805,
Joel Ayayi,France,2021,1,2.9,502000,,,,,,,,,,,,,,,,,,,,,,,,,,,,,,,,,,,,,,,,,,2.9$502000,
Luka Garza,Bosnia,2021,1,12.2,925258,,,,,,,,,,,,,,,,,,,,,,,,,,,,,,,,,,,,,,,,,,12.2$925258,
Neemias Queta,Portugal,2021,1,8,502000,,,,,,,,,,,,,,,,,,,,,,,,,,,,,,,,,,,,,,,,,,8.0$502000,
Olivier Sarr,France,2021,1,19.1,106352,,,,,,,,,,,,,,,,,,,,,,,,,,,,,,,,,,,,,,,,,,19.1$106352,
Ömer Yurtseven,Turkey,2021,2,12.6,1507523,,,,,,,,,,,,,,,,,,,,,,,,,,,,,,,,,,,,,,,,,0.0$18458,12.6$1489065,
Petr Cornelie,France,2021,1,2.9,502000,,,,,,,,,,,,,,,,,,,,,,,,,,,,,,,,,,,,,,,,,,2.9$$502000,
Sandro Mamukelashvili,Georgia,2021,2,9.4,1004000,,,,,,,,,,,,,,,,,,,,,,,,,,,,,,,,,,,,,,,,,,9.9$502000,5.0$502000
Santi Aldama,Spain,2021,2,19.4,4088640,,,,,,,,,,,,,,,,,,,,,,,,,,,,,,,,,,,,,,,,,,11.3$1994520,27.5$2094120
Usman Garuba,Spain,2021,2,12.7,4824480,,,,,,,,,,,,,,,,,,,,,,,,,,,,,,,,,,,,,,,,,,10.0$2353320,15.3$2471160
Vít Krejčí,Czech Republic,2021,2,12.7,2488776,,,,,,,,,,,,,,,,,,,,,,,,,,,,,,,,,,,,,,,,,,23.0$925258,2.3$1563518
Yves Pons,France,2021,1,5.9,502000,,,,,,,,,,,,,,,,,,,,,,,,,,,,,,,,,,,,,,,,,,5.9$502000,
Gabriel Lundberg,Denmark,2022,1,11,502000,,,,,,,,,,,,,,,,,,,,,,,,,,,,,,,,,,,,,,,,,,,11.0$502000
Jeremy Sochan,Poland,2022,1,22.6,5063520,,,,,,,,,,,,,,,,,,,,,,,,,,,,,,,,,,,,,,,,,,,22.6$5063520
Karlo Matković,Bosnia,2022,0,0,0,,,,,,,,,,,,,,,,,,,,,,,,,,,,,,,,,,,,,,,,,,,
Moussa Diabaté,France,2022,1,3,1761752,,,,,,,,,,,,,,,,,,,,,,,,,,,,,,,,,,,,,,,,,,,3.0$1761752
Nikola Jović,Serbia,2022,1,7.3,2239920,,,,,,,,,,,,,,,,,,,,,,,,,,,,,,,,,,,,,,,,,,,7.3$2239920
Ousmane Dieng,France,2022,1,15,4569840,,,,,,,,,,,,,,,,,,,,,,,,,,,,,,,,,,,,,,,,,,,15.0$4569840
Paolo Banchero,Italy,2022,1,34.6,11055120,,,,,,,,,,,,,,,,,,,,,,,,,,,,,,,,,,,,,,,,,,,34.6$11055120
Simone Fontecchio,Italy,2022,1,4.8,3205128,,,,,,,,,,,,,,,,,,,,,,,,,,,,,,,,,,,,,,,,,,,4.8$3205128